understat_id,date,league,home,away,minute,score_home,score_away,current_total_goals,goal_before_ft,p_goal_before_ft
29097,2026-04-11,EPL,Liverpool,Fulham,40,2,0,2,0,0.9143905353952628
29797,2026-04-11,Ligue_1,Rennes,Angers,40,1,0,1,1,0.9111443779410652
29095,2026-04-12,EPL,Chelsea,Manchester City,40,0,0,0,1,0.9041246371932048
29793,2026-04-12,Ligue_1,Lyon,Lorient,40,0,0,0,1,0.8814397525256168
29795,2026-04-12,Ligue_1,Nice,Le Havre,40,0,1,1,1,0.8943394351740074
29800,2026-04-17,Ligue_1,Lens,Toulouse,40,0,2,2,1,0.8809598687415994
30485,2026-04-18,Bundesliga,Bayer Leverkusen,Augsburg,40,1,1,2,1,0.9008149199733374
30490,2026-04-18,Bundesliga,Hoffenheim,Borussia Dortmund,40,0,0,0,1,0.939992371878598
30492,2026-04-18,Bundesliga,Union Berlin,Wolfsburg,40,0,1,1,1,0.8819816207406816
30493,2026-04-18,Bundesliga,Werder Bremen,Hamburger SV,40,1,1,2,1,0.8784059952304613
29099,2026-04-18,EPL,Brentford,Fulham,40,0,0,0,0,0.878867592084612
29100,2026-04-18,EPL,Chelsea,Manchester United,42,0,1,1,0,0.8075091113951969
29105,2026-04-18,EPL,Newcastle United,Bournemouth,40,0,1,1,1,0.910389030898207
29801,2026-04-18,Ligue_1,Lille,Nice,40,0,0,0,0,0.904782344938364
29802,2026-04-18,Ligue_1,Lorient,Marseille,40,1,0,1,1,0.9245982428758364
30486,2026-04-19,Bundesliga,Bayern Munich,VfB Stuttgart,40,3,1,4,1,0.8939706334041233
30489,2026-04-19,Bundesliga,Freiburg,FC Heidenheim,40,1,0,1,1,0.8967607067062651
29098,2026-04-19,EPL,Aston Villa,Sunderland,40,2,1,3,1,0.8056775169519289
29106,2026-04-19,EPL,Nottingham Forest,Burnley,40,0,0,0,1,0.9021324136784846
29803,2026-04-19,Ligue_1,Metz,Paris FC,40,1,1,2,1,0.9012055423892018
29804,2026-04-19,Ligue_1,Monaco,Auxerre,40,0,2,2,1,0.8824013681886984
29807,2026-04-19,Ligue_1,Strasbourg,Rennes,40,0,1,1,1,0.8728925114448576
30500,2026-04-24,Bundesliga,RasenBallsport Leipzig,Union Berlin,40,2,0,2,1,0.8894879674417969
29115,2026-04-24,EPL,Sunderland,Nottingham Forest,40,0,3,3,1,0.8819196801983583
30494,2026-04-25,Bundesliga,Augsburg,Eintracht Frankfurt,40,0,0,0,1,0.8750556874361058
30496,2026-04-25,Bundesliga,FC Cologne,Bayer Leverkusen,40,0,0,0,1,0.8166506488057115
30497,2026-04-25,Bundesliga,Hamburger SV,Hoffenheim,40,1,1,2,1,0.9088889185320758
30502,2026-04-25,Bundesliga,Wolfsburg,Borussia M.Gladbach,40,0,0,0,0,0.8597771432246896
29109,2026-04-25,EPL,Arsenal,Newcastle United,40,1,0,1,0,0.9073266090983936
29112,2026-04-25,EPL,Fulham,Aston Villa,40,0,0,0,1,0.8492492946844564
29113,2026-04-25,EPL,Liverpool,Crystal Palace,40,2,0,2,1,0.9001805570265595
29812,2026-04-25,Ligue_1,Lyon,Auxerre,40,1,1,2,1,0.8910031449016839
29816,2026-04-25,Ligue_1,Toulouse,Monaco,40,0,2,2,1,0.8778858456598706
30495,2026-04-26,Bundesliga,Borussia Dortmund,Freiburg,40,3,0,3,1,0.8663980573443814
30501,2026-04-26,Bundesliga,VfB Stuttgart,Werder Bremen,40,0,1,1,1,0.8904180132181775
29810,2026-04-26,Ligue_1,Le Havre,Metz,40,2,1,3,1,0.8946041494361969
29811,2026-04-26,Ligue_1,Lorient,Strasbourg,40,1,0,1,1,0.902360733341123
29813,2026-04-26,Ligue_1,Marseille,Nice,40,0,0,0,1,0.8970460081132698
29814,2026-04-26,Ligue_1,Paris FC,Lille,40,0,1,1,0,0.90927461605882
29815,2026-04-26,Ligue_1,Rennes,Nantes,40,1,1,2,1,0.9061114929618048
29114,2026-04-27,EPL,Manchester United,Brentford,40,1,0,1,1,0.8458464069301697
30503,2026-05-02,Bundesliga,Bayer Leverkusen,RasenBallsport Leipzig,40,1,0,1,1,0.8986101571234273
30504,2026-05-02,Bundesliga,Bayern Munich,FC Heidenheim,40,0,2,2,1,0.921839858424786
30506,2026-05-02,Bundesliga,Eintracht Frankfurt,Hamburger SV,40,0,0,0,1,0.9275730740044614
30508,2026-05-02,Bundesliga,Hoffenheim,VfB Stuttgart,40,2,1,3,1,0.8825632677429129
30511,2026-05-02,Bundesliga,Werder Bremen,Augsburg,40,0,1,1,1,0.892953358750329
29127,2026-05-02,EPL,Wolverhampton Wanderers,Sunderland,40,0,1,1,1,0.8178165745901971
29488,2026-05-02,La_liga,Osasuna,Barcelona,40,0,0,0,1,0.9068641267999022
29495,2026-05-02,La_liga,Valencia,Atletico Madrid,40,0,0,0,1,0.8402284320307142
30505,2026-05-03,Bundesliga,Borussia M.Gladbach,Borussia Dortmund,40,0,0,0,1,0.869913360947899
30507,2026-05-03,Bundesliga,Freiburg,Wolfsburg,40,0,0,0,1,0.9104923032668072
30509,2026-05-03,Bundesliga,St. Pauli,Mainz 05,40,0,2,2,1,0.8566132972252823
29118,2026-05-03,EPL,Bournemouth,Crystal Palace,40,1,0,1,1,0.8003923795725315
29125,2026-05-03,EPL,Manchester United,Liverpool,40,2,0,2,1,0.8454516432205843
29493,2026-05-03,La_liga,Celta Vigo,Elche,40,2,0,2,1,0.8954312332965465
29494,2026-05-03,La_liga,Espanyol,Real Madrid,40,0,0,0,1,0.8942952980131761
29496,2026-05-03,La_liga,Getafe,Rayo Vallecano,40,0,1,1,1,0.911778623705416
29492,2026-05-03,La_liga,Real Betis,Real Oviedo,40,1,0,1,1,0.8361065532897812
29817,2026-05-03,Ligue_1,Auxerre,Angers,40,1,0,1,1,0.8124511362805246
29819,2026-05-03,Ligue_1,Lyon,Rennes,40,1,1,2,1,0.8288560433814061
29820,2026-05-03,Ligue_1,Metz,Monaco,40,0,0,0,1,0.958817941783558
29821,2026-05-03,Ligue_1,Nantes,Marseille,40,0,0,0,1,0.9213837601429816
29822,2026-05-03,Ligue_1,Nice,Lens,40,0,0,0,1,0.9127970849292416
29825,2026-05-03,Ligue_1,Strasbourg,Toulouse,40,1,0,1,1,0.8462873636320042
29122,2026-05-04,EPL,Chelsea,Nottingham Forest,40,0,2,2,1,0.8491929261320044
29123,2026-05-04,EPL,Everton,Manchester City,40,0,0,0,1,0.9267588972941796
29490,2026-05-04,La_liga,Sevilla,Real Sociedad,41,0,0,0,1,0.8045649024687789
30513,2026-05-08,Bundesliga,Borussia Dortmund,Eintracht Frankfurt,40,0,1,1,1,0.9079188275298894
29829,2026-05-08,Ligue_1,Lens,Nantes,40,0,0,0,1,0.8536535931048292
30512,2026-05-09,Bundesliga,Augsburg,Borussia M.Gladbach,40,1,0,1,1,0.8778649204106819
30516,2026-05-09,Bundesliga,Hoffenheim,Werder Bremen,40,1,0,1,0,0.9340844815118398
30518,2026-05-09,Bundesliga,RasenBallsport Leipzig,St. Pauli,40,0,0,0,1,0.9642636672427588
30519,2026-05-09,Bundesliga,VfB Stuttgart,Bayer Leverkusen,40,1,1,2,1,0.9060573253562458
29131,2026-05-09,EPL,Fulham,Bournemouth,40,0,0,0,1,0.825709710006801
29132,2026-05-09,EPL,Liverpool,Chelsea,40,1,1,2,0,0.8715518235214847
29133,2026-05-09,EPL,Manchester City,Brentford,40,0,0,0,1,0.9280177614320164
29503,2026-05-09,La_liga,Elche,Alaves,40,0,0,0,1,0.8719145250989071
29504,2026-05-09,La_liga,Real Sociedad,Real Betis,40,0,1,1,1,0.8139924980403175
29505,2026-05-09,La_liga,Sevilla,Espanyol,40,0,0,0,1,0.8626372541636942
30514,2026-05-10,Bundesliga,FC Cologne,FC Heidenheim,40,1,2,3,1,0.883907407620359
30515,2026-05-10,Bundesliga,Hamburger SV,Freiburg,40,1,1,2,1,0.8561005974321777
30517,2026-05-10,Bundesliga,Mainz 05,Union Berlin,40,0,1,1,1,0.9091278304651488
29129,2026-05-10,EPL,Burnley,Aston Villa,40,1,0,1,1,0.8832809984394647
29130,2026-05-10,EPL,Crystal Palace,Everton,40,1,1,2,1,0.8652928532489512
29498,2026-05-10,La_liga,Athletic Club,Valencia,40,0,0,0,1,0.884506037355935
29500,2026-05-10,La_liga,Barcelona,Real Madrid,40,2,0,2,0,0.9001881730451565
29502,2026-05-10,La_liga,Mallorca,Villarreal,40,0,1,1,1,0.9125557459070646
29826,2026-05-10,Ligue_1,Angers,Strasbourg,40,0,0,0,1,0.9474666283067854
29827,2026-05-10,Ligue_1,Auxerre,Nice,40,1,1,2,1,0.8463176876557547
29828,2026-05-10,Ligue_1,Le Havre,Marseille,40,0,0,0,1,0.8881217023231779
29830,2026-05-10,Ligue_1,Metz,Lorient,40,0,1,1,1,0.9026427287863724
29831,2026-05-10,Ligue_1,Monaco,Lille,40,0,0,0,1,0.8519284080078495
29833,2026-05-10,Ligue_1,Rennes,Paris FC,40,0,0,0,1,0.939180764550186
29834,2026-05-10,Ligue_1,Toulouse,Lyon,40,1,0,1,1,0.8940163362740636
29507,2026-05-11,La_liga,Rayo Vallecano,Girona,40,0,0,0,1,0.8229706471030688
29510,2026-05-12,La_liga,Celta Vigo,Levante,40,1,0,1,1,0.8930133226885995
29514,2026-05-12,La_liga,Osasuna,Atletico Madrid,40,0,1,1,1,0.8743169590012824
29509,2026-05-12,La_liga,Real Betis,Elche,40,1,1,2,1,0.8630539513977767
29084,2026-05-13,EPL,Manchester City,Crystal Palace,40,2,0,2,1,0.9386601624730182
29508,2026-05-13,La_liga,Alaves,Barcelona,40,0,0,0,1,0.8932536810767442
29511,2026-05-13,La_liga,Getafe,Mallorca,40,2,0,2,1,0.860855698168594
29512,2026-05-14,La_liga,Girona,Real Sociedad,40,0,1,1,1,0.8837428190051009
29517,2026-05-14,La_liga,Real Madrid,Real Oviedo,40,0,0,0,1,0.9592739620490902
29140,2026-05-15,EPL,Aston Villa,Liverpool,40,0,0,0,1,0.901401161416314
30521,2026-05-16,Bundesliga,Bayer Leverkusen,Hamburger SV,40,0,0,0,1,0.9649357521794056
29141,2026-05-17,EPL,Brentford,Crystal Palace,40,1,1,2,1,0.8626904516263367
29145,2026-05-17,EPL,Manchester United,Nottingham Forest,40,1,0,1,1,0.8721768411837577
29147,2026-05-17,EPL,Wolverhampton Wanderers,Fulham,40,1,0,1,1,0.8313690055960076
29518,2026-05-17,La_liga,Athletic Club,Celta Vigo,40,0,1,1,1,0.9013654181630452
29520,2026-05-17,La_liga,Atletico Madrid,Girona,40,1,0,1,0,0.8907421178808597
29519,2026-05-17,La_liga,Barcelona,Real Betis,40,1,0,1,1,0.873434689679511
29527,2026-05-17,La_liga,Elche,Getafe,40,1,0,1,0,0.8558861148434443
29525,2026-05-17,La_liga,Levante,Mallorca,40,1,0,1,1,0.8574990097985463
29523,2026-05-17,La_liga,Osasuna,Espanyol,40,0,1,1,1,0.897439986766248
29526,2026-05-17,La_liga,Rayo Vallecano,Villarreal,40,1,0,1,1,0.8988341616332854
29521,2026-05-17,La_liga,Real Sociedad,Valencia,40,1,2,3,1,0.8168610471629097
29139,2026-05-18,EPL,Arsenal,Burnley,40,1,0,1,0,0.9717180414677554
29138,2026-05-19,EPL,Bournemouth,Manchester City,40,1,0,1,1,0.8949759179775625
29529,2026-05-23,La_liga,Real Betis,Levante,40,1,0,1,1,0.8576625077710884
29155,2026-05-24,EPL,Sunderland,Chelsea,40,1,0,1,1,0.9035281366455632
